marcas,modelos
Chevrolet,Luv D-Max
Chevrolet,Luv Wagon
Chevrolet,Malibu
Chevrolet,Montana
Chevrolet,Montana Sport
Chevrolet,Monza
Chevrolet,N300
Chevrolet,N300 Max
Chevrolet,N400 Max
Chevrolet,Nkr
Chevrolet,Nova
Chevrolet,Opala
Chevrolet,Optra
Chevrolet,Orlando
Chevrolet,Pick Up
Chevrolet,Prisma
Chevrolet,S10
Chevrolet,Sonic
Chevrolet,Spin
Chevrolet,Sprint
Chevrolet,Suburban
Chevrolet,Tahoe
Chevrolet,Trailblazer
Chevrolet,Traverse
Chevrolet,Trooper
Chevrolet,Uplander
Chevrolet,Uplander Ls
Chevrolet,Vectra
Chevrolet,Venture
Chevrolet,Vivant
Chevrolet,Work Truck
Chevrolet,Zafira
KIA,Carens
KIA,Cerato
KIA,Frontier
KIA,Grand Carnival
KIA,Morning
KIA,Rio 4
KIA,Rio 5
KIA,Sorento
KIA,Soul
KIA,Sportage
KIA,147
KIA,370Z
KIA,Asia
KIA,Avella
KIA,Avella II
KIA,Besta
KIA,Besta II
KIA,Bongo
KIA,Cadenza
KIA,Carnival
KIA,Carnival II
KIA,Cerato 5
KIA,Ceres
KIA,Frontier II
KIA,K 2400
KIA,Koup
KIA,Magentis
KIA,Mohave
KIA,Niro
KIA,Opirus
KIA,Optima
KIA,Pop
KIA,Pride
KIA,Quoris
KIA,Rio
KIA,Rio 3
KIA,Rio II
KIA,Rio Jb
KIA,Seltos
KIA,Sephia
KIA,Sephia II
KIA,Soluto
KIA,Sonet
KIA,Spectra
KIA,Sportage Pro
KIA,Stinger
KIA,Towner
Hyundai,Accent
Hyundai,Creta
Hyundai,Elantra
Hyundai,Grand I10
Hyundai,H-1
Hyundai,I10
Hyundai,Porter
Hyundai,Santa Fe
Hyundai,Tucson
Hyundai,Veloster
Hyundai,12 DLX
Hyundai,Accent Prime
Hyundai,Atos
Hyundai,Avante
Hyundai,Azera
Hyundai,Coupe
Hyundai,Creta Grand
Hyundai,Eon
Hyundai,Equus
Hyundai,Excel
Hyundai,Galloper
Hyundai,Galloper II
Hyundai,Genesis
Hyundai,Getz
Hyundai,Grace
Hyundai,Grand Santa Fe
Hyundai,H-100
Hyundai,H350