marcas,modelos
Suzuki,Maruti
Suzuki,Mastervan
Suzuki,Nomade
Suzuki,Pickup
Suzuki,S-Cross
Suzuki,S-Presso
Suzuki,Samurai
Suzuki,Sidekick
Suzuki,Sj 410
Suzuki,Sj 413
Suzuki,St
Suzuki,Super Carry
Suzuki,Sx4 S-Cross
Suzuki,Xl7
Chery,Arrizo3
Chery,Fulwin
Chery,Grand Tiggo
Chery,Iq
Chery,Tiggo
Chery,Tiggo 2
Chery,Tiggo 2 Pro
Chery,Tiggo 3
Chery,Tiggo 7 Pro
Chery,Tiggo 8
Chery,Arrizo 6
Chery,Arrizo5
Chery,Arrizo7
Chery,Beat
Chery,Destiny
Chery,Face
Chery,Fulwin2
Chery,K60
Chery,S21
Chery,Tiggo 4
Chery,Tiggo 7
Chery,Tiggo 8 Pro
Ford,Ecosport
Ford,Edge
Ford,Escape
Ford,Explorer
Ford,F-150
Ford,Fiesta
Ford,Focus
Ford,Mustang
Ford,Ranger
Ford,Territory
Ford,56
Ford,350
Ford,1939
Ford,1946
Ford,Aerostar
Ford,Anglia
Ford,Bronco
Ford,Bronco Sport
Ford,Cargo
Ford,Corcel
Ford,Crown Victoria
Ford,Custom
Ford,E-350
Ford,Econoline
Ford,Escort
Ford,Euroescort
Ford,Excursion
Ford,Expedition
Ford,Explorer Limited
Ford,Explorer Sport Trac
Ford,F-100
Ford,F-150 Raptor
Ford,F-150 Xlt 5.4 4Wd
Ford,F-250
Ford,F-350
Ford,Fairlaine
Ford,Falcon
Ford,Fiesta Hb
Ford,Fusion
Ford,Fusion 2.0
Ford,Galaxie
Ford,Ka
Ford,Ltd
Ford,Maverick
Ford,Mondeo
Ford,Pinto
Ford,Prefect
Ford,Ranchera
Ford,Ranger Heritage
Ford,Ranger Raptor
Ford,Raptor
Ford,Shelby Cobra
Ford,Taurus
Ford,Thunderbird
Ford,Transit
Ford,Transit Custom
Ford,Tudor
Ford,U 50
Ford,V8
Ford,Windstar
Ssangyong,Actyon
Ssangyong,Actyon Sports
Ssangyong,Korando
Ssangyong,Kyron
Ssangyong,Musso
Ssangyong,Musso Sports
Ssangyong,Rexton
Ssangyong,Rexton W
Ssangyong,Stavic
Ssangyong,Tivoli
Ssangyong,Xlv