Toyota,4Runner
Toyota,Auris
Toyota,Corolla
Toyota,Hilux
Toyota,Land Cruiser Prado
Toyota,Rav4
Toyota,Rush
Toyota,Urban Cruiser
Toyota,Yaris
Toyota,Yaris Sport
Toyota,Advantage
Toyota,Alphard
Toyota,Avensis
Toyota,Aygo
Toyota,C-Hr
Toyota,Camry
Toyota,Carina
Toyota,Celica
Toyota,Corolla Cross
Toyota,Corolla Fielder
Toyota,Corolla Sport
Toyota,Corona
Toyota,Cressida
Toyota,Fj Cruiser
Toyota,Fortuner
Toyota,Hiace
Toyota,Highlander
Toyota,Land Cruiser
Toyota,Landcruiser Prado
Toyota,Lite
Toyota,Paseo
Toyota,Prius
Toyota,Prius C
Toyota,Raize
Toyota,Sequoia
Toyota,Starlet
Toyota,Tacoma
Toyota,Tercel
Toyota,Terios
Toyota,Terios Lei 1.5 Autom
Toyota,Tundra
Toyota,Zelas
Chevrolet,Captiva
Chevrolet,Corsa
Chevrolet,Cruze
Chevrolet,D-Max
Chevrolet,Onix
Chevrolet,Sail
Chevrolet,Silverado
Chevrolet,Spark
Chevrolet,Spark Gt
Chevrolet,Tracker
Chevrolet,51
Chevrolet,260E
Chevrolet,400
Chevrolet,800 Series
Chevrolet,3100
Chevrolet,A
Chevrolet,Apache
Chevrolet,Astra
Chevrolet,Astra II
Chevrolet,Astro
Chevrolet,Astro Van
Chevrolet,Avalanche
Chevrolet,Aveo
Chevrolet,Aveo II
Chevrolet,Aveo III
Chevrolet,B-10
Chevrolet,Bel Air
Chevrolet,Blazer
Chevrolet,Business
Chevrolet,Byscayne
Chevrolet,C-20
Chevrolet,C10
Chevrolet,Camaro
Chevrolet,Caprice
Chevrolet,Captiva II
Chevrolet,Carry All
Chevrolet,Cavalier
Chevrolet,Chevelle
Chevrolet,Chevette
Chevrolet,Chevy
Chevrolet,Chevy Nova
Chevrolet,Cheyenne
Chevrolet,Cobalt
Chevrolet,Colorado
Chevrolet,Combo
Chevrolet,Combo II
Chevrolet,Combo Van
Chevrolet,Corsa Evolution
Chevrolet,Corsa Plus
Chevrolet,Corsica
Chevrolet,Corvette
Chevrolet,Deluxe
Chevrolet,Epica
Chevrolet,Equinox
Chevrolet,Express
Chevrolet,Fleetmaster
Chevrolet,Ftr 1524
Chevrolet,Gemini
Chevrolet,Grand Luv
Chevrolet,Groove
Chevrolet,HHR 2.0 AUT
Chevrolet,Impala
Chevrolet,Lumina
Chevrolet,Luv