Hyundai,H350 Solati
Hyundai,Hd35
Hyundai,Hd65
Hyundai,I20
Hyundai,I30
Hyundai,I40
Hyundai,Ioniq
Hyundai,Matrix
Hyundai,New H1
Hyundai,New Tucson
Hyundai,Palisade
Hyundai,Porter Hr
Hyundai,Porter HR STD 2.5
Hyundai,Porter II
Hyundai,Santamo
Hyundai,Scoupe
Hyundai,Sinmodelo
Hyundai,Sonata
Hyundai,Starex
Hyundai,Staria
Hyundai,Terracan
Hyundai,Tiburon
Hyundai,Trajet
Hyundai,Tuscani
Hyundai,Venue
Hyundai,Venue Qx
Hyundai,Veracruz
Hyundai,Verna
Hyundai,Xg
Nissan,Kicks
Nissan,March
Nissan,Navara
Nissan,Np300
Nissan,Pathfinder
Nissan,Qashqai
Nissan,Terrano
Nissan,Tiida
Nissan,Versa
Nissan,X-Trail
Nissan,300
Nissan,350Z
Nissan,1800
Nissan,2500
Nissan,Almera
Nissan,Altima
Nissan,Armada
Nissan,Bluebird
Nissan,D21
Nissan,D22
Nissan,Gtr
Nissan,J18
Nissan,Juke
Nissan,Leaf
Nissan,Maxima
Nissan,Mistral
Nissan,Murano
Nissan,New Pathfinder
Nissan,Nissan Np300 Navara
Nissan,Note
Nissan,Nv350
Nissan,Nv350 Urvan
Nissan,Nx
Nissan,Patrol
Nissan,Platina
Nissan,Primera
Nissan,Qashqai+2
Nissan,Qashqai2
Nissan,Quest
Nissan,Sentra
Nissan,Sentra II
Nissan,Serena
Nissan,Skyline
Nissan,Sunny
Nissan,Teana
Nissan,Terrano II
Nissan,Titan
Nissan,Trad
Nissan,Urvan
Nissan,V16
Nissan,X-Terra
Suzuki,Alto
Suzuki,Baleno
Suzuki,Celerio
Suzuki,Dzire
Suzuki,Grand Nomade
Suzuki,Grand Vitara
Suzuki,Jimny
Suzuki,Swift
Suzuki,Sx4
Suzuki,Vitara
Suzuki,Aerio
Suzuki,Aerio Sx
Suzuki,Apv
Suzuki,Apv Furgon
Suzuki,Apv Pick Up
Suzuki,Carry
Suzuki,Cervo
Suzuki,Ciaz
Suzuki,Cross
Suzuki,Ertiga
Suzuki,Fronte
Suzuki,Furgon
Suzuki,Grand Nomade Xl-7
Suzuki,Ignis
Suzuki,Kizashi
Suzuki,Liana
Suzuki,Lj-80