marcas,modelos
Toyota,4Runner
Toyota,Auris
Toyota,Corolla
Toyota,Hilux
Toyota,Land Cruiser Prado
Toyota,Rav4
Toyota,Rush
Toyota,Urban Cruiser
Toyota,Yaris
Toyota,Yaris Sport
Toyota,Advantage
Toyota,Alphard
Toyota,Avensis
Toyota,Aygo
Toyota,C-Hr
Toyota,Camry
Toyota,Carina
Toyota,Celica
Toyota,Corolla Cross
Toyota,Corolla Fielder
Toyota,Corolla Sport
Toyota,Corona
Toyota,Cressida
Toyota,Fj Cruiser
Toyota,Fortuner
Toyota,Hiace
Toyota,Highlander
Toyota,Land Cruiser
Toyota,Landcruiser Prado
Toyota,Lite
Toyota,Paseo
Toyota,Prius
Toyota,Prius C
Toyota,Raize
Toyota,Sequoia
Toyota,Starlet
Toyota,Tacoma
Toyota,Tercel
Toyota,Terios
Toyota,Terios Lei 1.5 Autom
Toyota,Tundra
Toyota,Zelas
Chevrolet,Captiva
Chevrolet,Corsa
Chevrolet,Cruze
Chevrolet,D-Max
Chevrolet,Onix
Chevrolet,Sail
Chevrolet,Silverado
Chevrolet,Spark
Chevrolet,Spark Gt
Chevrolet,Tracker
Chevrolet,51
Chevrolet,260E
Chevrolet,400
Chevrolet,800 Series
Chevrolet,3100
Chevrolet,A
Chevrolet,Apache
Chevrolet,Astra
Chevrolet,Astra II
Chevrolet,Astro
Chevrolet,Astro Van
Chevrolet,Avalanche
Chevrolet,Aveo
Chevrolet,Aveo II
Chevrolet,Aveo III
Chevrolet,B-10
Chevrolet,Bel Air
Chevrolet,Blazer
Chevrolet,Business
Chevrolet,Byscayne
Chevrolet,C-20
Chevrolet,C10
Chevrolet,Camaro
Chevrolet,Caprice
Chevrolet,Captiva II
Chevrolet,Carry All
Chevrolet,Cavalier
Chevrolet,Chevelle
Chevrolet,Chevette
Chevrolet,Chevy
Chevrolet,Chevy Nova
Chevrolet,Cheyenne
Chevrolet,Cobalt
Chevrolet,Colorado
Chevrolet,Combo
Chevrolet,Combo II
Chevrolet,Combo Van
Chevrolet,Corsa Evolution
Chevrolet,Corsa Plus
Chevrolet,Corsica
Chevrolet,Corvette
Chevrolet,Deluxe
Chevrolet,Epica
Chevrolet,Equinox
Chevrolet,Express
Chevrolet,Fleetmaster
Chevrolet,Ftr 1524
Chevrolet,Gemini
Chevrolet,Grand Luv
Chevrolet,Groove
Chevrolet,HHR 2.0 AUT
Chevrolet,Impala
Chevrolet,Lumina
Chevrolet,Luv
Chevrolet,Luv D-Max
Chevrolet,Luv Wagon
Chevrolet,Malibu
Chevrolet,Montana
Chevrolet,Montana Sport
Chevrolet,Monza
Chevrolet,N300
Chevrolet,N300 Max
Chevrolet,N400 Max
Chevrolet,Nkr
Chevrolet,Nova
Chevrolet,Opala
Chevrolet,Optra
Chevrolet,Orlando
Chevrolet,Pick Up
Chevrolet,Prisma
Chevrolet,S10
Chevrolet,Sonic
Chevrolet,Spin
Chevrolet,Sprint
Chevrolet,Suburban
Chevrolet,Tahoe
Chevrolet,Trailblazer
Chevrolet,Traverse
Chevrolet,Trooper
Chevrolet,Uplander
Chevrolet,Uplander Ls
Chevrolet,Vectra
Chevrolet,Venture
Chevrolet,Vivant
Chevrolet,Work Truck
Chevrolet,Zafira
KIA,Carens
KIA,Cerato
KIA,Frontier
KIA,Grand Carnival
KIA,Morning
KIA,Rio 4
KIA,Rio 5
KIA,Sorento
KIA,Soul
KIA,Sportage
KIA,147
KIA,370Z
KIA,Asia
KIA,Avella
KIA,Avella II
KIA,Besta
KIA,Besta II
KIA,Bongo
KIA,Cadenza
KIA,Carnival
KIA,Carnival II
KIA,Cerato 5
KIA,Ceres
KIA,Frontier II
KIA,K 2400
KIA,Koup
KIA,Magentis
KIA,Mohave
KIA,Niro
KIA,Opirus
KIA,Optima
KIA,Pop
KIA,Pride
KIA,Quoris
KIA,Rio
KIA,Rio 3
KIA,Rio II
KIA,Rio Jb
KIA,Seltos
KIA,Sephia
KIA,Sephia II
KIA,Soluto
KIA,Sonet
KIA,Spectra
KIA,Sportage Pro
KIA,Stinger
KIA,Towner
Hyundai,Accent
Hyundai,Creta
Hyundai,Elantra
Hyundai,Grand I10
Hyundai,H-1
Hyundai,I10
Hyundai,Porter
Hyundai,Santa Fe
Hyundai,Tucson
Hyundai,Veloster
Hyundai,12 DLX
Hyundai,Accent Prime
Hyundai,Atos
Hyundai,Avante
Hyundai,Azera
Hyundai,Coupe
Hyundai,Creta Grand
Hyundai,Eon
Hyundai,Equus
Hyundai,Excel
Hyundai,Galloper
Hyundai,Galloper II
Hyundai,Genesis
Hyundai,Getz
Hyundai,Grace
Hyundai,Grand Santa Fe
Hyundai,H-100
Hyundai,H350
Hyundai,H350 Solati
Hyundai,Hd35
Hyundai,Hd65
Hyundai,I20
Hyundai,I30
Hyundai,I40
Hyundai,Ioniq
Hyundai,Matrix
Hyundai,New H1
Hyundai,New Tucson
Hyundai,Palisade
Hyundai,Porter Hr
Hyundai,Porter HR STD 2.5
Hyundai,Porter II
Hyundai,Santamo
Hyundai,Scoupe
Hyundai,Sinmodelo
Hyundai,Sonata
Hyundai,Starex
Hyundai,Staria
Hyundai,Terracan
Hyundai,Tiburon
Hyundai,Trajet
Hyundai,Tuscani
Hyundai,Venue
Hyundai,Venue Qx
Hyundai,Veracruz
Hyundai,Verna
Hyundai,Xg
Nissan,Kicks
Nissan,March
Nissan,Navara
Nissan,Np300
Nissan,Pathfinder
Nissan,Qashqai
Nissan,Terrano
Nissan,Tiida
Nissan,Versa
Nissan,X-Trail
Nissan,300
Nissan,350Z
Nissan,1800
Nissan,2500
Nissan,Almera
Nissan,Altima
Nissan,Armada
Nissan,Bluebird
Nissan,D21
Nissan,D22
Nissan,Gtr
Nissan,J18
Nissan,Juke
Nissan,Leaf
Nissan,Maxima
Nissan,Mistral
Nissan,Murano
Nissan,New Pathfinder
Nissan,Nissan Np300 Navara
Nissan,Note
Nissan,Nv350
Nissan,Nv350 Urvan
Nissan,Nx
Nissan,Patrol
Nissan,Platina
Nissan,Primera
Nissan,Qashqai+2
Nissan,Qashqai2
Nissan,Quest
Nissan,Sentra
Nissan,Sentra II
Nissan,Serena
Nissan,Skyline
Nissan,Sunny
Nissan,Teana
Nissan,Terrano II
Nissan,Titan
Nissan,Trad
Nissan,Urvan
Nissan,V16
Nissan,X-Terra
Suzuki,Alto
Suzuki,Baleno
Suzuki,Celerio
Suzuki,Dzire
Suzuki,Grand Nomade
Suzuki,Grand Vitara
Suzuki,Jimny
Suzuki,Swift
Suzuki,Sx4
Suzuki,Vitara
Suzuki,Aerio
Suzuki,Aerio Sx
Suzuki,Apv
Suzuki,Apv Furgon
Suzuki,Apv Pick Up
Suzuki,Carry
Suzuki,Cervo
Suzuki,Ciaz
Suzuki,Cross
Suzuki,Ertiga
Suzuki,Fronte
Suzuki,Furgon
Suzuki,Grand Nomade Xl-7
Suzuki,Ignis
Suzuki,Kizashi
Suzuki,Liana
Suzuki,Lj-80
Suzuki,Maruti
Suzuki,Mastervan
Suzuki,Nomade
Suzuki,Pickup
Suzuki,S-Cross
Suzuki,S-Presso
Suzuki,Samurai
Suzuki,Sidekick
Suzuki,Sj 410
Suzuki,Sj 413
Suzuki,St
Suzuki,Super Carry
Suzuki,Sx4 S-Cross
Suzuki,Xl7
Chery,Arrizo3
Chery,Fulwin
Chery,Grand Tiggo
Chery,Iq
Chery,Tiggo
Chery,Tiggo 2
Chery,Tiggo 2 Pro
Chery,Tiggo 3
Chery,Tiggo 7 Pro
Chery,Tiggo 8
Chery,Arrizo 6
Chery,Arrizo5
Chery,Arrizo7
Chery,Beat
Chery,Destiny
Chery,Face
Chery,Fulwin2
Chery,K60
Chery,S21
Chery,Tiggo 4
Chery,Tiggo 7
Chery,Tiggo 8 Pro
Ford,Ecosport
Ford,Edge
Ford,Escape
Ford,Explorer
Ford,F-150
Ford,Fiesta
Ford,Focus
Ford,Mustang
Ford,Ranger
Ford,Territory
Ford,56
Ford,350
Ford,1939
Ford,1946
Ford,Aerostar
Ford,Anglia
Ford,Bronco
Ford,Bronco Sport
Ford,Cargo
Ford,Corcel
Ford,Crown Victoria
Ford,Custom
Ford,E-350
Ford,Econoline
Ford,Escort
Ford,Euroescort
Ford,Excursion
Ford,Expedition
Ford,Explorer Limited
Ford,Explorer Sport Trac
Ford,F-100
Ford,F-150 Raptor
Ford,F-150 Xlt 5.4 4Wd
Ford,F-250
Ford,F-350
Ford,Fairlaine
Ford,Falcon
Ford,Fiesta Hb
Ford,Fusion
Ford,Fusion 2.0
Ford,Galaxie
Ford,Ka
Ford,Ltd
Ford,Maverick
Ford,Mondeo
Ford,Pinto
Ford,Prefect
Ford,Ranchera
Ford,Ranger Heritage
Ford,Ranger Raptor
Ford,Raptor
Ford,Shelby Cobra
Ford,Taurus
Ford,Thunderbird
Ford,Transit
Ford,Transit Custom
Ford,Tudor
Ford,U 50
Ford,V8
Ford,Windstar
Ssangyong,Actyon
Ssangyong,Actyon Sports
Ssangyong,Korando
Ssangyong,Kyron
Ssangyong,Musso
Ssangyong,Musso Sports
Ssangyong,Rexton
Ssangyong,Rexton W
Ssangyong,Stavic
Ssangyong,Tivoli
Ssangyong,Xlv
